user_id,name,lti_id
user_1,admin@gmail.com,a419cf1e-ef44-4e3e-97c6-d0e3c0a0699e
user_2,Phuc Student,b37777db-303d-49ff-9f0d-f9f3fa0bc3ee
user_5,Nguyen VanA,99f85e6b-b630-4367-a83b-33a5bb2cd10d
user_6,Tran Binh,79196836-483c-4571-9d61-42ddee877280
user_38,Student 2,24aa53d3-8a69-4706-aff4-ca89c8f614f3
user_39,Student 3,a8b9dce3-e242-4b75-8031-9de78e475adf
user_40,Student 4,49ea2ab8-fb44-448f-8d55-d3a200a5a572
user_41,Student 5,23120dac-84dc-45aa-a162-421ad5303772
user_42,Student 6,0f8e3695-6676-4063-97f0-6b16f511af52
user_43,Student 7,27eeae31-996b-452e-80e1-b5562279b1b8
user_44,Student 8,da6de95c-8c43-4012-8d5e-dedae6d3c9a3
user_45,Student 9,21382954-ebd2-4022-8eee-53967a27813b
user_46,Student 10,654cfed5-8c44-421f-8b56-f04137a3340b
user_47,Student 11,6f922a53-ee6c-40ea-8655-621e9286859d
user_48,Student 12,59e98f6a-fc2e-400d-a17e-e94f0791cd6d
user_49,Student 13,9b78e937-3c03-47ef-a1a6-38cd051c5927
user_50,Student 14,57722d54-ddd6-41d9-a1ed-eb89e4de6334
user_51,Student 15,83ff0414-d047-4cf0-957f-93d93d1b32a0
user_52,Student 16,9a9ee2ea-ee0a-4636-be01-a2cd7a0808c2
user_53,Student 17,f9177685-6cbd-4a08-ab9d-f5d64e3613aa
user_54,Student 18,07adceeb-097f-4cbf-bd17-c065fed2c993
user_55,Student 19,444cf6a2-3b07-469e-891f-212600867ae4
user_56,Student 20,40b9c484-39eb-4d78-a0fc-08c61048f15a
user_57,Student 21,486bb1a3-e621-4217-9b5a-8d4dade4e233
user_58,Student 22,6b1ef274-e966-4297-842a-ab4c103fe702
user_59,Student 23,59dfd834-fed6-418b-9323-bec8f2fbbcc3
user_60,Student 24,f9dfaa82-97b6-47cb-9749-1a2a12e7a711
user_61,Student 25,2804f87e-2dff-4b74-bbe1-a4b75f9d52c2
user_62,Student 26,387dc606-d54f-41b5-9966-6c5bffd1b3fe
user_63,Student 27,214ce913-9b5c-48fa-b3b0-f963df743201
user_64,Student 28,e843956c-fc82-4e3e-b14f-5733f542e2ef
user_65,Student 29,6b32d26b-c3d2-45a3-af3f-2a0aade1c78d
user_66,Student 30,3a52d4cc-2ef0-494d-a28e-5fbd9ad18ca6
user_67,Student 1,9633d27a-8344-4cf3-ac3a-6b1c0dd9a765
user_69,Teacher 31,ebac7f34-d380-42b6-97d8-cc587f382c58
user_70,Student 32,35841363-0cd0-4c98-bee1-2855f87f6428
user_71,Student 33,c6f7c658-1325-4acc-914f-5bc655a513bf
